Workbook

Sheet Gráficos
C1: Data e Hora da coleta
B2: id Sensor | C2: 45936 | D2: =C2+TIME(1,0,0) -> 45936.042 | E2: =D2+TIME(1,0,0) -> 45936.083 | F2: =E2+TIME(1,0,0) -> 45936.125 | G2: =F2+TIME(1,0,0) -> 45936.167 | H2: =G2+TIME(1,0,0) -> 45936.208 | I2: =H2+TIME(1,0,0) -> 45936.25 | J2: =I2+TIME(1,0,0) -> 45936.292 | K2: =J2+TIME(1,0,0) -> 45936.333 | ... Z2: =Y2+TIME(1,0,0) -> 45936.958 | AA2: Alerts | AB2: Temperatura média diária | AC2: Produção média diária
A3: Temperatura (ºC) | B3: 1 | C3: {=_xlfn.XLOOKUP(1,(Dados!$B$3:$B$98=$B$3)*(Dados!$C$3:$C$98=C2),Dados!$D$3:$D$98,"")} -> 10 | D3: {=_xlfn.XLOOKUP(1,(Dados!$B$3:$B$98=$B$3)*(Dados!$C$3:$C$98=D2),Dados!$D$3:$D$98,"")} -> 7 | E3: {=_xlfn.XLOOKUP(1,(Dados!$B$3:$B$98=$B$3)*(Dados!$C$3:$C$98=E2),Dados!$D$3:$D$98,"")} -> 18 | F3: {=_xlfn.XLOOKUP(1,(Dados!$B$3:$B$98=$B$3)*(Dados!$C$3:$C$98=F2),Dados!$D$3:$D$98,"")} -> 18 | G3: {=_xlfn.XLOOKUP(1,(Dados!$B$3:$B$98=$B$3)*(Dados!$C$3:$C$98=G2),Dados!$D$3:$D$98,"")} -> 19 | H3: {=_xlfn.XLOOKUP(1,(Dados!$B$3:$B$98=$B$3)*(Dados!$C$3:$C$98=H2),Dados!$D$3:$D$98,"")} -> 21 | I3: {=_xlfn.XLOOKUP(1,(Dados!$B$3:$B$98=$B$3)*(Dados!$C$3:$C$98=I2),Dados!$D$3:$D$98,"")} -> 16 | J3: {=_xlfn.XLOOKUP(1,(Dados!$B$3:$B$98=$B$3)*(Dados!$C$3:$C$98=J2),Dados!$D$3:$D$98,"")} -> 21 | ... Z3: {=_xlfn.XLOOKUP(1,(Dados!$B$3:$B$98=$B$3)*(Dados!$C$3:$C$98=Z2),Dados!$D$3:$D$98,"")} -> 16 | AA3: =COUNTIF(C3:Z3,">27") -> 4 | AB3: =AVERAGE(C3:Z3) -> 21.958333 | AC3: =AVERAGE(C4:Z4) -> 91.145833
A4: Produção (%) | C4: {=_xlfn.XLOOKUP(1,(Dados!$B$3:$B$98=$B$3)*(Dados!$C$3:$C$98=C2),Dados!$G$3:$G$98,"")} -> 100 | D4: {=_xlfn.XLOOKUP(1,(Dados!$B$3:$B$98=$B$3)*(Dados!$C$3:$C$98=D2),Dados!$G$3:$G$98,"")} -> 100 | E4: {=_xlfn.XLOOKUP(1,(Dados!$B$3:$B$98=$B$3)*(Dados!$C$3:$C$98=E2),Dados!$G$3:$G$98,"")} -> 100 | F4: {=_xlfn.XLOOKUP(1,(Dados!$B$3:$B$98=$B$3)*(Dados!$C$3:$C$98=F2),Dados!$G$3:$G$98,"")} -> 100 | G4: {=_xlfn.XLOOKUP(1,(Dados!$B$3:$B$98=$B$3)*(Dados!$C$3:$C$98=G2),Dados!$G$3:$G$98,"")} -> 100 | H4: {=_xlfn.XLOOKUP(1,(Dados!$B$3:$B$98=$B$3)*(Dados!$C$3:$C$98=H2),Dados!$G$3:$G$98,"")} -> 97.5 | I4: {=_xlfn.XLOOKUP(1,(Dados!$B$3:$B$98=$B$3)*(Dados!$C$3:$C$98=I2),Dados!$G$3:$G$98,"")} -> 100 | J4: {=_xlfn.XLOOKUP(1,(Dados!$B$3:$B$98=$B$3)*(Dados!$C$3:$C$98=J2),Dados!$G$3:$G$98,"")} -> 97.5 | ... Z4: {=_xlfn.XLOOKUP(1,(Dados!$B$3:$B$98=$B$3)*(Dados!$C$3:$C$98=Z2),Dados!$G$3:$G$98,"")} -> 100
A5: Temperatura (ºC) | B5: 2 | C5: {=_xlfn.XLOOKUP(1,(Dados!$B$3:$B$98=$B$5)*(Dados!$C$3:$C$98=C2),Dados!$D$3:$D$98,"")} -> 11 | D5: {=_xlfn.XLOOKUP(1,(Dados!$B$3:$B$98=$B$5)*(Dados!$C$3:$C$98=D2),Dados!$D$3:$D$98,"")} -> 18 | E5: {=_xlfn.XLOOKUP(1,(Dados!$B$3:$B$98=$B$5)*(Dados!$C$3:$C$98=E2),Dados!$D$3:$D$98,"")} -> 17 | F5: {=_xlfn.XLOOKUP(1,(Dados!$B$3:$B$98=$B$5)*(Dados!$C$3:$C$98=F2),Dados!$D$3:$D$98,"")} -> 12 | G5: {=_xlfn.XLOOKUP(1,(Dados!$B$3:$B$98=$B$5)*(Dados!$C$3:$C$98=G2),Dados!$D$3:$D$98,"")} -> 11 | H5: {=_xlfn.XLOOKUP(1,(Dados!$B$3:$B$98=$B$5)*(Dados!$C$3:$C$98=H2),Dados!$D$3:$D$98,"")} -> 12 | I5: {=_xlfn.XLOOKUP(1,(Dados!$B$3:$B$98=$B$5)*(Dados!$C$3:$C$98=I2),Dados!$D$3:$D$98,"")} -> 15 | J5: {=_xlfn.XLOOKUP(1,(Dados!$B$3:$B$98=$B$5)*(Dados!$C$3:$C$98=J2),Dados!$D$3:$D$98,"")} -> 22 | ... Z5: {=_xlfn.XLOOKUP(1,(Dados!$B$3:$B$98=$B$5)*(Dados!$C$3:$C$98=Z2),Dados!$D$3:$D$98,"")} -> 10 | AA5: =COUNTIF(C5:Z5,">27") -> 6 | AB5: =AVERAGE(C5:Z5) -> 21.625 | AC5: =AVERAGE(C6:Z6) -> 90.3125
A6: Produção (%) | C6: {=_xlfn.XLOOKUP(1,(Dados!$B$3:$B$98=$B$5)*(Dados!$C$3:$C$98=C2),Dados!$G$3:$G$98,"")} -> 100 | D6: {=_xlfn.XLOOKUP(1,(Dados!$B$3:$B$98=$B$5)*(Dados!$C$3:$C$98=D2),Dados!$G$3:$G$98,"")} -> 100 | E6: {=_xlfn.XLOOKUP(1,(Dados!$B$3:$B$98=$B$5)*(Dados!$C$3:$C$98=E2),Dados!$G$3:$G$98,"")} -> 100 | F6: {=_xlfn.XLOOKUP(1,(Dados!$B$3:$B$98=$B$5)*(Dados!$C$3:$C$98=F2),Dados!$G$3:$G$98,"")} -> 100 | G6: {=_xlfn.XLOOKUP(1,(Dados!$B$3:$B$98=$B$5)*(Dados!$C$3:$C$98=G2),Dados!$G$3:$G$98,"")} -> 100 | H6: {=_xlfn.XLOOKUP(1,(Dados!$B$3:$B$98=$B$5)*(Dados!$C$3:$C$98=H2),Dados!$G$3:$G$98,"")} -> 100 | I6: {=_xlfn.XLOOKUP(1,(Dados!$B$3:$B$98=$B$5)*(Dados!$C$3:$C$98=I2),Dados!$G$3:$G$98,"")} -> 100 | J6: {=_xlfn.XLOOKUP(1,(Dados!$B$3:$B$98=$B$5)*(Dados!$C$3:$C$98=J2),Dados!$G$3:$G$98,"")} -> 95 | ... Z6: {=_xlfn.XLOOKUP(1,(Dados!$B$3:$B$98=$B$5)*(Dados!$C$3:$C$98=Z2),Dados!$G$3:$G$98,"")} -> 100
A7: Temperatura (ºC) | B7: 3 | C7: {=_xlfn.XLOOKUP(1,(Dados!$B$3:$B$98=$B$7)*(Dados!$C$3:$C$98=C2),Dados!$D$3:$D$98,"")} -> 6 | D7: {=_xlfn.XLOOKUP(1,(Dados!$B$3:$B$98=$B$7)*(Dados!$C$3:$C$98=D2),Dados!$D$3:$D$98,"")} -> 12 | E7: {=_xlfn.XLOOKUP(1,(Dados!$B$3:$B$98=$B$7)*(Dados!$C$3:$C$98=E2),Dados!$D$3:$D$98,"")} -> 11 | F7: {=_xlfn.XLOOKUP(1,(Dados!$B$3:$B$98=$B$7)*(Dados!$C$3:$C$98=F2),Dados!$D$3:$D$98,"")} -> 17 | G7: {=_xlfn.XLOOKUP(1,(Dados!$B$3:$B$98=$B$7)*(Dados!$C$3:$C$98=G2),Dados!$D$3:$D$98,"")} -> 13 | H7: {=_xlfn.XLOOKUP(1,(Dados!$B$3:$B$98=$B$7)*(Dados!$C$3:$C$98=H2),Dados!$D$3:$D$98,"")} -> 20 | I7: {=_xlfn.XLOOKUP(1,(Dados!$B$3:$B$98=$B$7)*(Dados!$C$3:$C$98=I2),Dados!$D$3:$D$98,"")} -> 14 | J7: {=_xlfn.XLOOKUP(1,(Dados!$B$3:$B$98=$B$7)*(Dados!$C$3:$C$98=J2),Dados!$D$3:$D$98,"")} -> 15 | ... Z7: {=_xlfn.XLOOKUP(1,(Dados!$B$3:$B$98=$B$7)*(Dados!$C$3:$C$98=Z2),Dados!$D$3:$D$98,"")} -> 13 | AA7: =COUNTIF(C7:Z7,">27") -> 6 | AB7: =AVERAGE(C7:Z7) -> 21.166667 | AC7: =AVERAGE(C8:Z8) -> 90.416667
A8: Produção (%) | C8: {=_xlfn.XLOOKUP(1,(Dados!$B$3:$B$98=$B$7)*(Dados!$C$3:$C$98=C2),Dados!$G$3:$G$98,"")} -> 100 | D8: {=_xlfn.XLOOKUP(1,(Dados!$B$3:$B$98=$B$7)*(Dados!$C$3:$C$98=D2),Dados!$G$3:$G$98,"")} -> 100 | E8: {=_xlfn.XLOOKUP(1,(Dados!$B$3:$B$98=$B$7)*(Dados!$C$3:$C$98=E2),Dados!$G$3:$G$98,"")} -> 100 | F8: {=_xlfn.XLOOKUP(1,(Dados!$B$3:$B$98=$B$7)*(Dados!$C$3:$C$98=F2),Dados!$G$3:$G$98,"")} -> 100 | G8: {=_xlfn.XLOOKUP(1,(Dados!$B$3:$B$98=$B$7)*(Dados!$C$3:$C$98=G2),Dados!$G$3:$G$98,"")} -> 100 | H8: {=_xlfn.XLOOKUP(1,(Dados!$B$3:$B$98=$B$7)*(Dados!$C$3:$C$98=H2),Dados!$G$3:$G$98,"")} -> 100 | I8: {=_xlfn.XLOOKUP(1,(Dados!$B$3:$B$98=$B$7)*(Dados!$C$3:$C$98=I2),Dados!$G$3:$G$98,"")} -> 100 | J8: {=_xlfn.XLOOKUP(1,(Dados!$B$3:$B$98=$B$7)*(Dados!$C$3:$C$98=J2),Dados!$G$3:$G$98,"")} -> 100 | ... Z8: {=_xlfn.XLOOKUP(1,(Dados!$B$3:$B$98=$B$7)*(Dados!$C$3:$C$98=Z2),Dados!$G$3:$G$98,"")} -> 100
A9: Temperatura (ºC) | B9: 4 | C9: {=_xlfn.XLOOKUP(1,(Dados!$B$3:$B$98=$B$9)*(Dados!$C$3:$C$98=C2),Dados!$D$3:$D$98,"")} -> 16 | D9: {=_xlfn.XLOOKUP(1,(Dados!$B$3:$B$98=$B$9)*(Dados!$C$3:$C$98=D2),Dados!$D$3:$D$98,"")} -> 9 | E9: {=_xlfn.XLOOKUP(1,(Dados!$B$3:$B$98=$B$9)*(Dados!$C$3:$C$98=E2),Dados!$D$3:$D$98,"")} -> 17 | F9: {=_xlfn.XLOOKUP(1,(Dados!$B$3:$B$98=$B$9)*(Dados!$C$3:$C$98=F2),Dados!$D$3:$D$98,"")} -> 15 | G9: {=_xlfn.XLOOKUP(1,(Dados!$B$3:$B$98=$B$9)*(Dados!$C$3:$C$98=G2),Dados!$D$3:$D$98,"")} -> 12 | H9: {=_xlfn.XLOOKUP(1,(Dados!$B$3:$B$98=$B$9)*(Dados!$C$3:$C$98=H2),Dados!$D$3:$D$98,"")} -> 22 | I9: {=_xlfn.XLOOKUP(1,(Dados!$B$3:$B$98=$B$9)*(Dados!$C$3:$C$98=I2),Dados!$D$3:$D$98,"")} -> 16 | J9: {=_xlfn.XLOOKUP(1,(Dados!$B$3:$B$98=$B$9)*(Dados!$C$3:$C$98=J2),Dados!$D$3:$D$98,"")} -> 16 | ... Z9: {=_xlfn.XLOOKUP(1,(Dados!$B$3:$B$98=$B$9)*(Dados!$C$3:$C$98=Z2),Dados!$D$3:$D$98,"")} -> 17 | AA9: =COUNTIF(C9:Z9,">27") -> 5 | AB9: =AVERAGE(C9:Z9) -> 21.791667 | AC9: =AVERAGE(C10:Z10) -> 90.833333
A10: Produção (%) | C10: {=_xlfn.XLOOKUP(1,(Dados!$B$3:$B$98=$B$9)*(Dados!$C$3:$C$98=C2),Dados!$G$3:$G$98,"")} -> 100 | D10: {=_xlfn.XLOOKUP(1,(Dados!$B$3:$B$98=$B$9)*(Dados!$C$3:$C$98=D2),Dados!$G$3:$G$98,"")} -> 100 | E10: {=_xlfn.XLOOKUP(1,(Dados!$B$3:$B$98=$B$9)*(Dados!$C$3:$C$98=E2),Dados!$G$3:$G$98,"")} -> 100 | F10: {=_xlfn.XLOOKUP(1,(Dados!$B$3:$B$98=$B$9)*(Dados!$C$3:$C$98=F2),Dados!$G$3:$G$98,"")} -> 100 | G10: {=_xlfn.XLOOKUP(1,(Dados!$B$3:$B$98=$B$9)*(Dados!$C$3:$C$98=G2),Dados!$G$3:$G$98,"")} -> 100 | H10: {=_xlfn.XLOOKUP(1,(Dados!$B$3:$B$98=$B$9)*(Dados!$C$3:$C$98=H2),Dados!$G$3:$G$98,"")} -> 95 | I10: {=_xlfn.XLOOKUP(1,(Dados!$B$3:$B$98=$B$9)*(Dados!$C$3:$C$98=I2),Dados!$G$3:$G$98,"")} -> 100 | J10: {=_xlfn.XLOOKUP(1,(Dados!$B$3:$B$98=$B$9)*(Dados!$C$3:$C$98=J2),Dados!$G$3:$G$98,"")} -> 100 | ... Z10: {=_xlfn.XLOOKUP(1,(Dados!$B$3:$B$98=$B$9)*(Dados!$C$3:$C$98=Z2),Dados!$G$3:$G$98,"")} -> 100
B11: Temperatura crítica | C11: 27 | D11: 27 | E11: 27 | F11: 27 | G11: 27 | H11: 27 | I11: 27 | J11: 27 | K11: 27 | L11: 27 | M11: 27 | N11: 27 | O11: 27 | P11: 27 | Q11: 27 | R11: 27 | S11: 27 | T11: 27 | U11: 27 | V11: 27 | W11: 27 | X11: 27 | Y11: 27 | Z11: 27

Sheet Dados
A2: id Coleta | B2: id Sensor | C2: Data e Hora da coleta | D2: Temperatura | E2: Temperatura Crítica | F2: Alerta | G2: Produção | L2: min | M2: max | N2: RND
A3: 1 | B3: 1 | C3: 45936 | D3: 10 | E3: 27 | F3: =IF(D3>E3,1,0) -> 0 | G3: =IF(D3>20,(1-((D3-20)*0.025))*100,100) -> 100 | L3: =M3-10 -> 5 | M3: 15 | N3: =RANDBETWEEN(L3,M3) -> 6
A4: 2 | B4: 2 | C4: 45936 | D4: 11 | E4: 27 | F4: =IF(D4>E4,1,0) -> 0 | G4: =IF(D4>20,(1-((D4-20)*0.025))*100,100) -> 100 | L4: =M4-10 -> 6 | M4: 16 | N4: =RANDBETWEEN(L4,M4) -> 10
A5: 3 | B5: 3 | C5: 45936 | D5: 6 | E5: 27 | F5: =IF(D5>E5,1,0) -> 0 | G5: =IF(D5>20,(1-((D5-20)*0.025))*100,100) -> 100 | L5: =M5-10 -> 6 | M5: 16 | N5: =RANDBETWEEN(L5,M5) -> 14
A6: 4 | B6: 4 | C6: 45936 | D6: 16 | E6: 27 | F6: =IF(D6>E6,1,0) -> 0 | G6: =IF(D6>20,(1-((D6-20)*0.025))*100,100) -> 100 | L6: =M6-10 -> 7 | M6: 17 | N6: =RANDBETWEEN(L6,M6) -> 7
A7: 5 | B7: 1 | C7: =C3+TIME(1,0,0) -> 45936.042 | D7: 7 | E7: 27 | F7: =IF(D7>E7,1,0) -> 0 | G7: =IF(D7>20,(1-((D7-20)*0.025))*100,100) -> 100 | L7: =M7-10 -> 7 | M7: 17 | N7: =RANDBETWEEN(L7,M7) -> 16
A8: 6 | B8: 2 | C8: =C4+TIME(1,0,0) -> 45936.042 | D8: 18 | E8: 27 | F8: =IF(D8>E8,1,0) -> 0 | G8: =IF(D8>20,(1-((D8-20)*0.025))*100,100) -> 100 | L8: =M8-10 -> 8 | M8: 18 | N8: =RANDBETWEEN(L8,M8) -> 15
A9: 7 | B9: 3 | C9: =C5+TIME(1,0,0) -> 45936.042 | D9: 12 | E9: 27 | F9: =IF(D9>E9,1,0) -> 0 | G9: =IF(D9>20,(1-((D9-20)*0.025))*100,100) -> 100 | L9: =M9-10 -> 8 | M9: 18 | N9: =RANDBETWEEN(L9,M9) -> 17
A10: 8 | B10: 4 | C10: =C6+TIME(1,0,0) -> 45936.042 | D10: 9 | E10: 27 | F10: =IF(D10>E10,1,0) -> 0 | G10: =IF(D10>20,(1-((D10-20)*0.025))*100,100) -> 100 | L10: =M10-10 -> 8 | M10: 18 | N10: =RANDBETWEEN(L10,M10) -> 10
A11: 9 | B11: 1 | C11: =C7+TIME(1,0,0) -> 45936.083 | D11: 18 | E11: 27 | F11: =IF(D11>E11,1,0) -> 0 | G11: =IF(D11>20,(1-((D11-20)*0.025))*100,100) -> 100 | L11: =M11-10 -> 8 | M11: 18 | N11: =RANDBETWEEN(L11,M11) -> 17
A12: 10 | B12: 2 | C12: =C8+TIME(1,0,0) -> 45936.083 | D12: 17 | E12: 27 | F12: =IF(D12>E12,1,0) -> 0 | G12: =IF(D12>20,(1-((D12-20)*0.025))*100,100) -> 100 | L12: =M12-10 -> 9 | M12: 19 | N12: =RANDBETWEEN(L12,M12) -> 10
A13: 11 | B13: 3 | C13: =C9+TIME(1,0,0) -> 45936.083 | D13: 11 | E13: 27 | F13: =IF(D13>E13,1,0) -> 0 | G13: =IF(D13>20,(1-((D13-20)*0.025))*100,100) -> 100 | L13: =M13-10 -> 9 | M13: 19 | N13: =RANDBETWEEN(L13,M13) -> 13
A14: 12 | B14: 4 | C14: =C10+TIME(1,0,0) -> 45936.083 | D14: 17 | E14: 27 | F14: =IF(D14>E14,1,0) -> 0 | G14: =IF(D14>20,(1-((D14-20)*0.025))*100,100) -> 100 | L14: =M14-10 -> 9 | M14: 19 | N14: =RANDBETWEEN(L14,M14) -> 18
A15: 13 | B15: 1 | C15: =C11+TIME(1,0,0) -> 45936.125 | D15: 18 | E15: 27 | F15: =IF(D15>E15,1,0) -> 0 | G15: =IF(D15>20,(1-((D15-20)*0.025))*100,100) -> 100 | L15: =M15-10 -> 9 | M15: 19 | N15: =RANDBETWEEN(L15,M15) -> 13
A16: 14 | B16: 2 | C16: =C12+TIME(1,0,0) -> 45936.125 | D16: 12 | E16: 27 | F16: =IF(D16>E16,1,0) -> 0 | G16: =IF(D16>20,(1-((D16-20)*0.025))*100,100) -> 100 | L16: =M16-10 -> 10 | M16: 20 | N16: =RANDBETWEEN(L16,M16) -> 20
A17: 15 | B17: 3 | C17: =C13+TIME(1,0,0) -> 45936.125 | D17: 17 | E17: 27 | F17: =IF(D17>E17,1,0) -> 0 | G17: =IF(D17>20,(1-((D17-20)*0.025))*100,100) -> 100 | L17: =M17-10 -> 10 | M17: 20 | N17: =RANDBETWEEN(L17,M17) -> 14
A18: 16 | B18: 4 | C18: =C14+TIME(1,0,0) -> 45936.125 | D18: 15 | E18: 27 | F18: =IF(D18>E18,1,0) -> 0 | G18: =IF(D18>20,(1-((D18-20)*0.025))*100,100) -> 100 | L18: =M18-10 -> 10 | M18: 20 | N18: =RANDBETWEEN(L18,M18) -> 19
... A98: 96 | B98: 4 | C98: =C94+TIME(1,0,0) -> 45936.958 | D98: 17 | E98: 27 | F98: =IF(D98>E98,1,0) -> 0 | G98: =IF(D98>20,(1-((D98-20)*0.025))*100,100) -> 100 | L98: =M98-10 -> 8 | M98: 18 | N98: =RANDBETWEEN(L98,M98) -> 13
